ticker,cik,company_name,source_index
A,0001090872,"AGILENT TECHNOLOGIES, INC.",SP500
AAPL,0000320193,Apple Inc.,BOTH
ABBV,0001551152,AbbVie Inc.,SP500
ABNB,0001559720,"Airbnb, Inc.",BOTH
ABT,0000001800,ABBOTT LABORATORIES,SP500
ACGL,0000947484,ARCH CAPITAL GROUP LTD.,SP500
ACN,0001467373,Accenture plc,SP500
ADBE,0000796343,ADOBE INC.,BOTH
ADI,0000006281,ANALOG DEVICES INC,BOTH
ADM,0000007084,Archer-Daniels-Midland Co,SP500
ADP,0000008670,AUTOMATIC DATA PROCESSING INC,BOTH
ADSK,0000769397,"Autodesk, Inc.",BOTH
AEE,0001002910,AMEREN CORP,SP500
AEP,0000004904,AMERICAN ELECTRIC POWER CO INC,BOTH
AES,0000874761,AES CORP,SP500
AFL,0000004977,AFLAC INC,SP500
AIG,0000005272,"AMERICAN INTERNATIONAL GROUP, INC.",SP500
AIZ,0001267238,"ASSURANT, INC.",SP500
AJG,0000354190,Arthur J. Gallagher & Co.,SP500
AKAM,0001086222,AKAMAI TECHNOLOGIES INC,SP500
ALAB,0001736297,"Astera Labs, Inc.",NASDAQ100
ALB,0000915913,ALBEMARLE CORP,SP500
ALGN,0001097149,ALIGN TECHNOLOGY INC,SP500
ALL,0000899051,ALLSTATE CORP,SP500
ALLE,0001579241,Allegion plc,SP500
ALNY,0001178670,"ALNYLAM PHARMACEUTICALS, INC.",NASDAQ100
AMAT,0000006951,APPLIED MATERIALS INC /DE,BOTH
AMCR,0001748790,Amcor plc,SP500
AMD,0000002488,ADVANCED MICRO DEVICES INC,BOTH
AME,0001037868,AMETEK INC/,SP500
AMGN,0000318154,AMGEN INC,BOTH
AMP,0000820027,AMERIPRISE FINANCIAL INC,SP500
AMT,0001053507,AMERICAN TOWER CORP /MA/,SP500
AMZN,0001018724,AMAZON COM INC,BOTH
ANET,0001596532,"Arista Networks, Inc.",SP500
AON,0000315293,Aon plc,SP500
AOS,0000091142,SMITH A O CORP,SP500
APA,0001841666,APA Corp,SP500
APD,0000002969,"Air Products & Chemicals, Inc.",SP500
APH,0000820313,AMPHENOL CORP /DE/,SP500
APO,0001858681,"Apollo Global Management, Inc.",SP500
APP,0001751008,AppLovin Corp,BOTH
APTV,0001521332,Aptiv PLC,SP500
ARE,0001035443,"ALEXANDRIA REAL ESTATE EQUITIES, INC.",SP500
ARES,0001176948,Ares Management Corp,SP500
ARM,0001973239,ARM HOLDINGS PLC /UK,NASDAQ100
ASML,0000937966,ASML HOLDING NV,NASDAQ100
ATO,0000731802,ATMOS ENERGY CORP,SP500
AVGO,0001730168,Broadcom Inc.,BOTH
AVY,0000008818,Avery Dennison Corp,SP500
AWK,0001410636,"American Water Works Company, Inc.",SP500
AXON,0001069183,"AXON ENTERPRISE, INC.",BOTH
AXP,0000004962,AMERICAN EXPRESS CO,SP500
AZO,0000866787,AUTOZONE INC,SP500
BA,0000012927,BOEING CO,SP500
BAC,0000070858,BANK OF AMERICA CORP /DE/,SP500
BALL,0000009389,BALL Corp,SP500
BAX,0000010456,BAXTER INTERNATIONAL INC,SP500
BBY,0000764478,BEST BUY CO INC,SP500
BDX,0000010795,BECTON DICKINSON & CO,SP500
BE,0001664703,Bloom Energy Corp,SP500
BEN,0000038777,FRANKLIN TEMPLETON INC,SP500
BF-B,0000014693,BROWN FORMAN CORP,SP500
BG,0001996862,Bunge Global SA,SP500
BIIB,0000875045,BIOGEN INC.,SP500
BKNG,0001075531,Booking Holdings Inc.,BOTH
BKR,0001701605,Baker Hughes Co,BOTH
BLK,0002012383,"BlackRock, Inc.",SP500
BMY,0000014272,BRISTOL MYERS SQUIBB CO,SP500
BNY,0001390777,Bank of New York Mellon Corp,SP500
BR,0001383312,"BROADRIDGE FINANCIAL SOLUTIONS, INC.",SP500
BRK-B,0001067983,BERKSHIRE HATHAWAY INC,SP500
BRO,0000079282,"BROWN & BROWN, INC.",SP500
BSX,0000885725,BOSTON SCIENTIFIC CORP,SP500
BX,0001393818,Blackstone Inc.,SP500
BXP,0001037540,"BXP, Inc.",SP500
C,0000831001,CITIGROUP INC,SP500
CAH,0000721371,CARDINAL HEALTH INC,SP500
CARR,0001783180,CARRIER GLOBAL Corp,SP500
CASY,0000726958,CASEYS GENERAL STORES INC,SP500
CAT,0000018230,CATERPILLAR INC,SP500
CB,0000896159,Chubb Ltd,SP500
CBOE,0001374310,"Cboe Global Markets, Inc.",SP500
CBRE,0001138118,"CBRE GROUP, INC.",SP500
CCEP,0001650107,COCA-COLA EUROPACIFIC PARTNERS plc,NASDAQ100
CCI,0001051470,CROWN CASTLE INC.,SP500
CCL,0000815097,Carnival Corp Ltd.,SP500
CDNS,0000813672,CADENCE DESIGN SYSTEMS INC,BOTH
CDW,0001402057,CDW Corp,SP500
CEG,0001868275,Constellation Energy Corp,BOTH
CF,0001324404,"CF Industries Holdings, Inc.",SP500
CFG,0000759944,CITIZENS FINANCIAL GROUP INC/RI,SP500
CHD,0000313927,CHURCH & DWIGHT CO INC /DE/,SP500
CHRW,0001043277,"C. H. ROBINSON WORLDWIDE, INC.",SP500
CHTR,0001091667,"CHARTER COMMUNICATIONS, INC. /MO/",SP500
CI,0001739940,Cigna Group,SP500
CIEN,0000936395,CIENA CORP,SP500
CINF,0000020286,CINCINNATI FINANCIAL CORP,SP500
CL,0000021665,COLGATE PALMOLIVE CO,SP500
CLX,0000021076,CLOROX CO /DE/,SP500
CMCSA,0001166691,COMCAST CORP,BOTH
CME,0001156375,CME GROUP INC.,SP500
CMG,0001058090,CHIPOTLE MEXICAN GRILL INC,SP500
CMI,0000026172,CUMMINS INC,SP500
CMS,0000811156,CMS ENERGY CORP,SP500
CNC,0001071739,CENTENE CORP,SP500
CNP,0001130310,CENTERPOINT ENERGY INC,SP500
COF,0000927628,CAPITAL ONE FINANCIAL CORP,SP500
COHR,0000820318,COHERENT CORP.,SP500
COIN,0001679788,"Coinbase Global, Inc.",SP500
COO,0000711404,"COOPER COMPANIES, INC.",SP500
COP,0001163165,CONOCOPHILLIPS,SP500
COR,0001140859,"Cencora, Inc.",SP500
COST,0000909832,COSTCO WHOLESALE CORP /NEW,BOTH
CPAY,0001175454,"CORPAY, INC.",SP500
CPRT,0000900075,COPART INC,BOTH
CPT,0000906345,CAMDEN PROPERTY TRUST,SP500
CRH,0000849395,CRH PUBLIC LTD CO,SP500
CRL,0001100682,"CHARLES RIVER LABORATORIES INTERNATIONAL, INC.",SP500
CRM,0001108524,"Salesforce, Inc.",SP500
CRWD,0001535527,"CrowdStrike Holdings, Inc.",BOTH
CRWV,0001769628,"CoreWeave, Inc.",NASDAQ100
CSCO,0000858877,"CISCO SYSTEMS, INC.",BOTH
CSGP,0001057352,"COSTAR GROUP, INC.",SP500
CSX,0000277948,CSX CORP,BOTH
CTAS,0000723254,CINTAS CORP,BOTH
CTSH,0001058290,COGNIZANT TECHNOLOGY SOLUTIONS CORP,SP500
CTVA,0001755672,"Corteva, Inc.",SP500
CVNA,0001690820,CARVANA CO.,SP500
CVS,0000064803,CVS HEALTH Corp,SP500
CVX,0000093410,CHEVRON CORP,SP500
D,0000715957,"DOMINION ENERGY, INC",SP500
DAL,0000027904,"DELTA AIR LINES, INC.",SP500
DASH,0001792789,"DoorDash, Inc.",BOTH
DD,0001666700,"DuPont de Nemours, Inc.",SP500
DDOG,0001561550,"Datadog, Inc.",BOTH
DE,0000315189,DEERE & CO,SP500
DECK,0000910521,DECKERS OUTDOOR CORP,SP500
DELL,0001571996,Dell Technologies Inc.,SP500
DG,0000029534,DOLLAR GENERAL CORP,SP500
DGX,0001022079,QUEST DIAGNOSTICS INC,SP500
DHI,0000882184,HORTON D R INC /DE/,SP500
DHR,0000313616,DANAHER CORP /DE/,SP500
DIS,0001744489,Walt Disney Co,SP500
DLR,0001297996,"DIGITAL REALTY TRUST, INC.",SP500
DLTR,0000935703,"DOLLAR TREE, INC.",SP500
DOC,0000765880,"HEALTHPEAK PROPERTIES, INC.",SP500
DOV,0000029905,DOVER Corp,SP500
DOW,0001751788,DOW INC.,SP500
DPZ,0001286681,DOMINOS PIZZA INC,SP500
DRI,0000940944,DARDEN RESTAURANTS INC,SP500
DTE,0000936340,DTE ENERGY CO,SP500
DUK,0001326160,Duke Energy CORP,SP500
DVA,0000927066,DAVITA INC.,SP500
DVN,0001090012,DEVON ENERGY CORP/DE,SP500
DXCM,0001093557,DEXCOM INC,BOTH
EBAY,0001065088,EBAY INC,SP500
ECHO,0001415404,EchoStar CORP,SP500
ECL,0000031462,ECOLAB INC.,SP500
ED,0001047862,CONSOLIDATED EDISON INC,SP500
EFX,0000033185,EQUIFAX INC,SP500
EG,0001095073,"EVEREST GROUP, LTD.",SP500
EIX,0000827052,EDISON INTERNATIONAL,SP500
EL,0001001250,ESTEE LAUDER COMPANIES INC,SP500
ELV,0001156039,"Elevance Health, Inc.",SP500
EME,0000105634,"EMCOR Group, Inc.",SP500
EMR,0000032604,EMERSON ELECTRIC CO,SP500
EOG,0000821189,EOG RESOURCES INC,SP500
EQIX,0001101239,EQUINIX INC,SP500
EQT,0000033213,EQT Corp,SP500
ERIE,0000922621,ERIE INDEMNITY CO,SP500
ES,0000072741,EVERSOURCE ENERGY,SP500
ESS,0000920522,"ESSEX PROPERTY TRUST, INC.",SP500
ETN,0001551182,Eaton Corp plc,SP500
ETR,0000065984,ENTERGY CORP /DE/,SP500
EVRG,0001711269,"Evergy, Inc.",SP500
EW,0001099800,Edwards Lifesciences Corp,SP500
EXC,0001109357,EXELON CORP,BOTH
EXE,0000895126,EXPAND ENERGY Corp,SP500
EXPD,0000746515,EXPEDITORS INTERNATIONAL OF WASHINGTON INC,SP500
EXPE,0001324424,"Expedia Group, Inc.",SP500
EXR,0001289490,Extra Space Storage Inc.,SP500
F,0000037996,FORD MOTOR CO,SP500
FANG,0001539838,"Diamondback Energy, Inc.",BOTH
FAST,0000815556,FASTENAL CO,BOTH
FCX,0000831259,FREEPORT-MCMORAN INC,SP500
FDS,0001013237,FACTSET RESEARCH SYSTEMS INC,SP500
FDX,0001048911,FEDEX CORP,SP500
FDXF,0002082247,"FedEx Freight Holding Company, Inc.",SP500
FE,0001031296,FIRSTENERGY CORP,SP500
FER,0001468522,Ferrovial N.V.,NASDAQ100
FERG,0002011641,Ferguson Enterprises Inc. /DE/,SP500
FFIV,0001048695,"F5, INC.",SP500
FICO,0000814547,FAIR ISAAC CORP,SP500
FIS,0001136893,"Fidelity National Information Services, Inc.",SP500
FISV,0000798354,FISERV INC,SP500
FITB,0000035527,FIFTH THIRD BANCORP,SP500
FIX,0001035983,COMFORT SYSTEMS USA INC,SP500
FLEX,0000866374,FLEX LTD.,SP500
FOXA,0001754301,Fox Corp,SP500
FRT,0000034903,FEDERAL REALTY INVESTMENT TRUST,SP500
FSLR,0001274494,"FIRST SOLAR, INC.",SP500
FTNT,0001262039,"Fortinet, Inc.",BOTH
FTV,0001659166,Fortive Corp,SP500
GD,0000040533,GENERAL DYNAMICS CORP,SP500
GDDY,0001609711,GoDaddy Inc.,SP500
GE,0000040545,GENERAL ELECTRIC CO,SP500
GEHC,0001932393,GE HealthCare Technologies Inc.,BOTH
GEN,0000849399,Gen Digital Inc.,SP500
GEV,0001996810,GE Vernova Inc.,SP500
GILD,0000882095,"GILEAD SCIENCES, INC.",BOTH
GIS,0000040704,GENERAL MILLS INC,SP500
GL,0000320335,GLOBE LIFE INC.,SP500
GLW,0000024741,CORNING INC /NY,SP500
GM,0001467858,General Motors Co,SP500
GNRC,0001474735,GENERAC HOLDINGS INC.,SP500
GOOGL,0001652044,Alphabet Inc.,BOTH
GPC,0000040987,GENUINE PARTS CO,SP500
GPN,0001123360,GLOBAL PAYMENTS INC,SP500
GRMN,0001121788,GARMIN LTD,SP500
GS,0000886982,GOLDMAN SACHS GROUP INC,SP500
GWW,0000277135,"W.W. GRAINGER, INC.",SP500
HAL,0000045012,HALLIBURTON CO,SP500
HAS,0000046080,"HASBRO, INC.",SP500
HBAN,0000049196,HUNTINGTON BANCSHARES INC /MD/,SP500
HCA,0000860730,"HCA Healthcare, Inc.",SP500
HD,0000354950,"HOME DEPOT, INC.",SP500
HIG,0000874766,"HARTFORD INSURANCE GROUP, INC.",SP500
HII,0001501585,"HUNTINGTON INGALLS INDUSTRIES, INC.",SP500
HLT,0001585689,Hilton Worldwide Holdings Inc.,SP500
HON,0000773840,HONEYWELL INTERNATIONAL INC,BOTH
HONA,0002089271,Honeywell Aerospace Inc.,BOTH
HOOD,0001783879,"Robinhood Markets, Inc.",SP500
HPE,0001645590,Hewlett Packard Enterprise Co,SP500
HPQ,0000047217,HP INC,SP500
HRL,0000048465,HORMEL FOODS CORP /DE/,SP500
HSIC,0001000228,HENRY SCHEIN INC,SP500
HST,0001070750,"HOST HOTELS & RESORTS, INC.",SP500
HSY,0000047111,HERSHEY CO,SP500
HUBB,0000048898,HUBBELL INC,SP500
HUM,0000049071,HUMANA INC,SP500
HWM,0000004281,Howmet Aerospace Inc.,SP500
IBKR,0001381197,"Interactive Brokers Group, Inc.",SP500
IBM,0000051143,INTERNATIONAL BUSINESS MACHINES CORP,SP500
ICE,0001571949,"Intercontinental Exchange, Inc.",SP500
IDXX,0000874716,IDEXX LABORATORIES INC /DE,BOTH
IEX,0000832101,IDEX CORP /DE/,SP500
IFF,0000051253,INTERNATIONAL FLAVORS & FRAGRANCES INC,SP500
ILMN,0001110803,"ILLUMINA, INC.",SP500
INCY,0000879169,INCYTE CORP,SP500
INTC,0000050863,INTEL CORP,BOTH
INTU,0000896878,INTUIT INC.,BOTH
INVH,0001687229,Invitation Homes Inc.,SP500
IP,0000051434,INTERNATIONAL PAPER CO /NEW/,SP500
IQV,0001478242,IQVIA HOLDINGS INC.,SP500
IR,0001699150,Ingersoll Rand Inc.,SP500
IRM,0001020569,IRON MOUNTAIN INC,SP500
ISRG,0001035267,INTUITIVE SURGICAL INC,BOTH
IT,0000749251,GARTNER INC,SP500
ITW,0000049826,ILLINOIS TOOL WORKS INC,SP500
IVZ,0000914208,Invesco Ltd.,SP500
J,0000052988,JACOBS SOLUTIONS INC.,SP500
JBHT,0000728535,HUNT J B TRANSPORT SERVICES INC,SP500
JBL,0000898293,JABIL INC,SP500
JCI,0000833444,Johnson Controls International plc,SP500
JKHY,0000779152,JACK HENRY & ASSOCIATES INC,SP500
JNJ,0000200406,JOHNSON & JOHNSON,SP500
JPM,0000019617,JPMORGAN CHASE & CO,SP500
KDP,0001418135,Keurig Dr Pepper Inc.,BOTH
KEY,0000091576,KEYCORP /NEW/,SP500
KEYS,0001601046,"Keysight Technologies, Inc.",SP500
KHC,0001637459,Kraft Heinz Co,SP500
KIM,0000879101,KIMCO REALTY CORP,SP500
KKR,0001404912,KKR & Co. Inc.,SP500
KLAC,0000319201,KLA CORP,BOTH
KMB,0000055785,KIMBERLY CLARK CORP,SP500
KMI,0001506307,"KINDER MORGAN, INC.",SP500
KO,0000021344,COCA COLA CO,SP500
KR,0000056873,KROGER CO,SP500
KVUE,0001944048,Kenvue Inc.,SP500
L,0000060086,LOEWS CORP,SP500
LDOS,0001336920,"Leidos Holdings, Inc.",SP500
LEN,0000920760,LENNAR CORP /NEW/,SP500
LH,0000920148,LABCORP HOLDINGS INC.,SP500
LHX,0000202058,"L3HARRIS TECHNOLOGIES, INC. /DE/",SP500
LII,0001069202,LENNOX INTERNATIONAL INC,SP500
LIN,0001707925,LINDE PLC,BOTH
LITE,0001633978,Lumentum Holdings Inc.,BOTH
LLY,0000059478,ELI LILLY & Co,SP500
LMT,0000936468,LOCKHEED MARTIN CORP,SP500
LNT,0000352541,ALLIANT ENERGY CORP,SP500
LOW,0000060667,LOWES COMPANIES INC,SP500
LRCX,0000707549,LAM RESEARCH CORP,BOTH
LULU,0001397187,lululemon athletica inc.,SP500
LUV,0000092380,SOUTHWEST AIRLINES CO,SP500
LVS,0001300514,LAS VEGAS SANDS CORP,SP500
LYB,0001489393,LyondellBasell Industries N.V.,SP500
LYV,0001335258,"Live Nation Entertainment, Inc.",SP500
MA,0001141391,Mastercard Inc,SP500
MAA,0000912595,MID AMERICA APARTMENT COMMUNITIES INC.,SP500
MAR,0001048286,MARRIOTT INTERNATIONAL INC /MD/,BOTH
MAS,0000062996,MASCO CORP /DE/,SP500
MCD,0000063908,MCDONALDS CORP,SP500
MCHP,0000827054,MICROCHIP TECHNOLOGY INC,BOTH
MCK,0000927653,MCKESSON CORP,SP500
MCO,0001059556,MOODYS CORP /DE/,SP500
MDLZ,0001103982,"Mondelez International, Inc.",BOTH
MDT,0001613103,Medtronic plc,SP500
MELI,0001099590,MERCADOLIBRE INC,NASDAQ100
MET,0001099219,METLIFE INC,SP500
META,0001326801,"Meta Platforms, Inc.",BOTH
MGM,0000789570,MGM Resorts International,SP500
MKC,0000063754,MCCORMICK & CO INC,SP500
MLM,0000916076,MARTIN MARIETTA MATERIALS INC,SP500
MMM,0000066740,3M CO,SP500
MNST,0000865752,Monster Beverage Corp,BOTH
MO,0000764180,"ALTRIA GROUP, INC.",SP500
MOS,0001285785,MOSAIC CO,SP500
MPC,0001510295,Marathon Petroleum Corp,SP500
MPWR,0001280452,"MONOLITHIC POWER SYSTEMS, INC.",BOTH
MRK,0000310158,"Merck & Co., Inc.",SP500
MRNA,0001682852,"Moderna, Inc.",SP500
MRSH,0000062709,"MARSH & MCLENNAN COMPANIES, INC.",SP500
MRVL,0001835632,"Marvell Technology, Inc.",BOTH
MS,0000895421,MORGAN STANLEY,SP500
MSCI,0001408198,MSCI Inc.,SP500
MSFT,0000789019,MICROSOFT CORP,BOTH
MSI,0000068505,"Motorola Solutions, Inc.",SP500
MSTR,0001050446,Strategy Inc,NASDAQ100
MTB,0000036270,M&T BANK CORP,SP500
MTD,0001037646,METTLER TOLEDO INTERNATIONAL INC/,SP500
MU,0000723125,MICRON TECHNOLOGY INC,BOTH
NBIS,0001513845,Nebius Group N.V.,NASDAQ100
NCLH,0001513761,Norwegian Cruise Line Holdings Ltd.,SP500
NDAQ,0001120193,"NASDAQ, INC.",SP500
NDSN,0000072331,NORDSON CORP,SP500
NEE,0000753308,NEXTERA ENERGY INC,SP500
NEM,0001164727,NEWMONT Corp /DE/,SP500
NFLX,0001065280,NETFLIX INC,BOTH
NI,0001111711,NISOURCE INC.,SP500
NKE,0000320187,"NIKE, Inc.",SP500
NOC,0001133421,NORTHROP GRUMMAN CORP /DE/,SP500
NOW,0001373715,"ServiceNow, Inc.",SP500
NRG,0001013871,"NRG ENERGY, INC.",SP500
NSC,0000702165,NORFOLK SOUTHERN CORP,SP500
NTAP,0001002047,"NetApp, Inc.",SP500
NTRS,0000073124,NORTHERN TRUST CORP,SP500
NUE,0000073309,NUCOR CORP,SP500
NVDA,0001045810,NVIDIA CORP,BOTH
NVR,0000906163,NVR INC,SP500
NWSA,0001564708,NEWS CORP,SP500
NXPI,0001413447,NXP Semiconductors N.V.,BOTH
O,0000726728,REALTY INCOME CORP,SP500
ODFL,0000878927,"OLD DOMINION FREIGHT LINE, INC.",BOTH
OKE,0001039684,ONEOK INC /NEW/,SP500
OMC,0000029989,OMNICOM GROUP INC.,SP500
ON,0001097864,ON SEMICONDUCTOR CORP,SP500
ORCL,0001341439,ORACLE CORP,SP500
ORLY,0000898173,O REILLY AUTOMOTIVE INC,BOTH
OTIS,0001781335,Otis Worldwide Corp,SP500
OXY,0000797468,OCCIDENTAL PETROLEUM CORP /DE/,SP500
P,0001474432,"Everpure, Inc.",SP500
PANW,0001327567,Palo Alto Networks Inc,BOTH
PAYX,0000723531,PAYCHEX INC,BOTH
PCAR,0000075362,PACCAR INC,BOTH
PCG,0001004980,PG&E Corp,SP500
PDD,0001737806,PDD Holdings Inc.,NASDAQ100
PEG,0000788784,PUBLIC SERVICE ENTERPRISE GROUP INC,SP500
PEP,0000077476,PEPSICO INC,BOTH
PFE,0000078003,PFIZER INC,SP500
PFG,0001126328,PRINCIPAL FINANCIAL GROUP INC,SP500
PG,0000080424,PROCTER & GAMBLE Co,SP500
PGR,0000080661,PROGRESSIVE CORP/OH/,SP500
PH,0000076334,Parker-Hannifin Corp,SP500
PHM,0000822416,PULTEGROUP INC/MI/,SP500
PKG,0000075677,PACKAGING CORP OF AMERICA,SP500
PLD,0001045609,"Prologis, Inc.",SP500
PLTR,0001321655,Palantir Technologies Inc.,BOTH
PM,0001413329,Philip Morris International Inc.,SP500
PNC,0000713676,"PNC FINANCIAL SERVICES GROUP, INC.",SP500
PNR,0000077360,PENTAIR plc,SP500
PNW,0000764622,PINNACLE WEST CAPITAL CORP,SP500
PODD,0001145197,INSULET CORP,SP500
PPG,0000079879,PPG INDUSTRIES INC,SP500
PPL,0000922224,PPL Corp,SP500
PRU,0001137774,PRUDENTIAL FINANCIAL INC,SP500
PSA,0001393311,Public Storage,SP500
PSKY,0002041610,Paramount Skydance Corp,SP500
PSX,0001534701,Phillips 66,SP500
PTC,0000857005,PTC INC.,SP500
PWR,0001050915,"QUANTA SERVICES, INC.",SP500
PYPL,0001633917,"PayPal Holdings, Inc.",BOTH
Q,0002058873,"Qnity Electronics, Inc.",SP500
QCOM,0000804328,QUALCOMM INC/DE,BOTH
RCL,0000884887,ROYAL CARIBBEAN CRUISES LTD,SP500
RDDT,0001713445,"Reddit, Inc.",SP500
REG,0000910606,REGENCY CENTERS CORP,SP500
REGN,0000872589,"REGENERON PHARMACEUTICALS, INC.",BOTH
RF,0001281761,REGIONS FINANCIAL CORP,SP500
RJF,0000720005,RAYMOND JAMES FINANCIAL INC,SP500
RKLB,0001819994,Rocket Lab Corp,NASDAQ100
RL,0001037038,RALPH LAUREN CORP,SP500
RMD,0000943819,RESMED INC,SP500
ROK,0001024478,"ROCKWELL AUTOMATION, INC",SP500
ROL,0000084839,ROLLINS INC,SP500
ROP,0000882835,ROPER TECHNOLOGIES INC,BOTH
ROST,0000745732,"ROSS STORES, INC.",BOTH
RSG,0001060391,"REPUBLIC SERVICES, INC.",SP500
RTX,0000101829,RTX Corp,SP500
RVTY,0000031791,"REVVITY, INC.",SP500
SBAC,0001034054,SBA COMMUNICATIONS CORP,SP500
SBUX,0000829224,STARBUCKS CORP,BOTH
SCHW,0000316709,SCHWAB CHARLES CORP,SP500
SHOP,0001594805,SHOPIFY INC.,NASDAQ100
SHW,0000089800,SHERWIN WILLIAMS CO,SP500
SJM,0000091419,J M SMUCKER Co,SP500
SLB,0000087347,SLB LIMITED/NV,SP500
SMCI,0001375365,"Super Micro Computer, Inc.",SP500
SNA,0000091440,Snap-on Inc,SP500
SNDK,0002023554,Sandisk Corp,BOTH
SNPS,0000883241,SYNOPSYS INC,BOTH
SO,0000092122,SOUTHERN CO,SP500
SOLV,0001964738,Solventum Corp,SP500
SPCX,0001181412,SPACE EXPLORATION TECHNOLOGIES CORP,NASDAQ100
SPG,0001063761,SIMON PROPERTY GROUP INC.,SP500
SPGI,0000064040,S&P Global Inc.,SP500
SRE,0001032208,SEMPRA,SP500
STE,0001757898,STERIS plc,SP500
STLD,0001022671,STEEL DYNAMICS INC,SP500
STT,0000093751,STATE STREET CORP,SP500
STX,0001137789,Seagate Technology Holdings plc,BOTH
STZ,0000016918,"CONSTELLATION BRANDS, INC.",SP500
SW,0002005951,Smurfit Westrock plc,SP500
SWK,0000093556,"STANLEY BLACK & DECKER, INC.",SP500
SWKS,0000004127,"SKYWORKS SOLUTIONS, INC.",SP500
SYF,0001601712,Synchrony Financial,SP500
SYK,0000310764,STRYKER CORP,SP500
SYY,0000096021,SYSCO CORP,SP500
T,0000732717,AT&T INC.,SP500
TDG,0001260221,TransDigm Group INC,SP500
TDY,0001094285,TELEDYNE TECHNOLOGIES INC,SP500
TECH,0000842023,BIO-TECHNE Corp,SP500
TEL,0001385157,TE Connectivity plc,SP500
TER,0000097210,"TERADYNE, INC",BOTH
TFC,0000092230,TRUIST FINANCIAL CORP,SP500
TGT,0000027419,TARGET CORP,SP500
TJX,0000109198,TJX COMPANIES INC /DE/,SP500
TKO,0001973266,"TKO Group Holdings, Inc.",SP500
TMO,0000097745,THERMO FISHER SCIENTIFIC INC.,SP500
TMUS,0001283699,"T-Mobile US, Inc.",BOTH
TPL,0001811074,Texas Pacific Land Corp,SP500
TPR,0001116132,"TAPESTRY, INC.",SP500
TRGP,0001389170,Targa Resources Corp.,SP500
TRI,0001075124,THOMSON REUTERS CORP /CAN/,NASDAQ100
TRMB,0000864749,TRIMBLE INC.,SP500
TROW,0001113169,PRICE T ROWE GROUP INC,SP500
TRV,0000086312,"TRAVELERS COMPANIES, INC.",SP500
TSCO,0000916365,TRACTOR SUPPLY CO /DE/,SP500
TSLA,0001318605,"Tesla, Inc.",BOTH
TSN,0000100493,"TYSON FOODS, INC.",SP500
TT,0001466258,Trane Technologies plc,SP500
TTWO,0000946581,TAKE TWO INTERACTIVE SOFTWARE INC,BOTH
TXN,0000097476,TEXAS INSTRUMENTS INC,BOTH
TXT,0000217346,TEXTRON INC,SP500
TYL,0000860731,TYLER TECHNOLOGIES INC,SP500
UAL,0000100517,"United Airlines Holdings, Inc.",SP500
UBER,0001543151,"Uber Technologies, Inc",SP500
UDR,0000074208,"UDR, Inc.",SP500
UHS,0000352915,UNIVERSAL HEALTH SERVICES INC,SP500
ULTA,0001403568,"Ulta Beauty, Inc.",SP500
UNH,0000731766,UNITEDHEALTH GROUP INC,SP500
UNP,0000100885,UNION PACIFIC CORP,SP500
UPS,0001090727,UNITED PARCEL SERVICE INC,SP500
URI,0001067701,"UNITED RENTALS, INC.",SP500
USB,0000036104,US BANCORP DE,SP500
V,0001403161,VISA INC.,SP500
VEEV,0001393052,VEEVA SYSTEMS INC,SP500
VICI,0001705696,VICI PROPERTIES INC.,SP500
VLO,0001035002,VALERO ENERGY CORP/TX,SP500
VLTO,0001967680,Veralto Corp,SP500
VMC,0001396009,Vulcan Materials CO,SP500
VMRK,0000906107,VIVMARK RESIDENTIAL,SP500
VRSK,0001442145,"Verisk Analytics, Inc.",SP500
VRSN,0001014473,VERISIGN INC/CA,SP500
VRT,0001674101,Vertiv Holdings Co,SP500
VRTX,0000875320,VERTEX PHARMACEUTICALS INC / MA,BOTH
VST,0001692819,Vistra Corp.,SP500
VTR,0000740260,"Ventas, Inc.",SP500
VTRS,0001792044,Viatris Inc,SP500
VZ,0000732712,VERIZON COMMUNICATIONS INC,SP500
WAB,0000943452,WESTINGHOUSE AIR BRAKE TECHNOLOGIES CORP,SP500
WAT,0001000697,WATERS CORP /DE/,SP500
WBD,0001437107,"Warner Bros. Discovery, Inc.",BOTH
WDAY,0001327811,"Workday, Inc.",BOTH
WDC,0000106040,WESTERN DIGITAL CORP,BOTH
WEC,0000783325,"WEC ENERGY GROUP, INC.",SP500
WELL,0000766704,WELLTOWER INC.,SP500
WFC,0000072971,WELLS FARGO & COMPANY/MN,SP500
WM,0000823768,WASTE MANAGEMENT INC,SP500
WMB,0000107263,"WILLIAMS COMPANIES, INC.",SP500
WMT,0000104169,Walmart Inc.,BOTH
WRB,0000011544,BERKLEY W R CORP,SP500
WSM,0000719955,WILLIAMS SONOMA INC,SP500
WST,0000105770,WEST PHARMACEUTICAL SERVICES INC,SP500
WTW,0001140536,WILLIS TOWERS WATSON PLC,SP500
WY,0000106535,WEYERHAEUSER CO,SP500
WYNN,0001174922,WYNN RESORTS LTD,SP500
XEL,0000072903,XCEL ENERGY INC,BOTH
XOM,0000034088,EXXON MOBIL CORP,SP500
XYL,0001524472,Xylem Inc.,SP500
XYZ,0001512673,"Block, Inc.",SP500
YUM,0001041061,YUM BRANDS INC,SP500
ZBH,0001136869,"ZIMMER BIOMET HOLDINGS, INC.",SP500
ZBRA,0000877212,ZEBRA TECHNOLOGIES CORP,SP500
ZTS,0001555280,Zoetis Inc.,SP500
